legacy_id,creation_date,last_update_date,name,sort,mineral_lease_type,product
"15412","2025-02-19T18:29:32.442515+00:00","2025-05-13T17:50:25.21101+00:00","Geothermal - electrical generation - kilowatt hours","Geoth","","Geothermal - electrical generation - kilowatt hours (kwh)"
"15291","2025-02-19T18:29:32.442515+00:00","2025-05-13T17:50:25.21101+00:00","Geothermal","Geoth","Oil & Gas","Geothermal - Direct Utilization - Other"
"15404","2025-02-19T18:29:32.442515+00:00","2025-05-14T12:41:05.007765+00:00","Geothermal - direct use - millions of btus","Geoth","","Geothermal - direct use - millions of btus (mmbtu)"
"15207","2025-02-19T18:29:32.442515+00:00","2025-02-19T18:29:32.442515+00:00","Asphalt","Aspha","Asphalt",""
"15208","2025-02-19T18:29:32.442515+00:00","2025-02-19T18:29:32.442515+00:00","Chat","Chat","Chat",""
"15209","2025-02-19T18:29:32.442515+00:00","2025-02-19T18:29:32.442515+00:00","Cinders","Cinde","Cinders","Cinders"
"15210","2025-02-19T18:29:32.442515+00:00","2025-02-19T18:29:32.442515+00:00","Clay","Clay","Clay",""
"15211","2025-02-19T18:29:32.442515+00:00","2025-02-19T18:29:32.442515+00:00","Clay","Clay","Clay","Clay"
"15212","2025-02-19T18:29:32.442515+00:00","2025-02-19T18:29:32.442515+00:00","Clay","Clay","Clay","Potash"
"15213","2025-02-19T18:29:32.442515+00:00","2025-02-19T18:29:32.442515+00:00","Coal","5","Coal",""
"15214","2025-02-19T18:29:32.442515+00:00","2025-02-19T18:29:32.442515+00:00","Coal","5","Coal","Coal"
"15215","2025-02-19T18:29:32.442515+00:00","2025-02-19T18:29:32.442515+00:00","Coal","5","Coal","Coal-Bituminous-Processed"
"15216","2025-02-19T18:29:32.442515+00:00","2025-02-19T18:29:32.442515+00:00","Coal","5","Coal","Coal-Bituminous-Raw"
"15217","2025-02-19T18:29:32.442515+00:00","2025-02-19T18:29:32.442515+00:00","Coal","5","Coal","Coal-Fines Circuit"
"15218","2025-02-19T18:29:32.442515+00:00","2025-02-19T18:29:32.442515+00:00","Coal","5","Coal","Coal-Lignite-Raw"
"15219","2025-02-19T18:29:32.442515+00:00","2025-02-19T18:29:32.442515+00:00","Coal","5","Coal","Coal-Subbituminous-Processed"
"15220","2025-02-19T18:29:32.442515+00:00","2025-02-19T18:29:32.442515+00:00","Coal","5","Coal","Coal-Subbituminous-Raw"
"15221","2025-02-19T18:29:32.442515+00:00","2025-02-19T18:29:32.442515+00:00","Coal","5","Coal","Coal Waste (Sub-Econ)"
"15222","2025-02-19T18:29:32.442515+00:00","2025-02-19T18:29:32.442515+00:00","Coal","5","Coal","Leonardite"
"15223","2025-02-19T18:29:32.442515+00:00","2025-02-19T18:29:32.442515+00:00","Humate","Humat","Coal","Humate"
"15224","2025-02-19T18:29:32.442515+00:00","2025-02-19T18:29:32.442515+00:00","Other","Other","Coal",""
"15225","2025-02-19T18:29:32.442515+00:00","2025-02-19T18:29:32.442515+00:00","Clay","Clay","Copper","Clay"
"15226","2025-02-19T18:29:32.442515+00:00","2025-02-19T18:29:32.442515+00:00","Copper","Coppe","Copper",""
"15227","2025-02-19T18:29:32.442515+00:00","2025-02-19T18:29:32.442515+00:00","Copper","Coppe","Copper","Copper"
"15228","2025-02-19T18:29:32.442515+00:00","2025-02-19T18:29:32.442515+00:00","Copper","Coppe","Copper","Copper Concentrate"
"15229","2025-02-19T18:29:32.442515+00:00","2025-02-19T18:29:32.442515+00:00","Molybdenum concentrate","Molyb","Copper","Molybdenum Concentrate"
"15230","2025-02-19T18:29:32.442515+00:00","2025-02-19T18:29:32.442515+00:00","Garnet","Garne","Garnet",""
"15231","2025-02-19T18:29:32.442515+00:00","2025-02-19T18:29:32.442515+00:00","Gemstones","Gemst","Gemstones",""
"15232","2025-02-19T18:29:32.442515+00:00","2025-02-19T18:29:32.442515+00:00","Gas","2","Geothermal","Processed (Residue) Gas"
"15233","2025-02-19T18:29:32.442515+00:00","2025-02-19T18:29:32.442515+00:00","Gas","2","Geothermal","Unprocessed Gas"
"15234","2025-02-19T18:29:32.442515+00:00","2025-02-19T18:29:32.442515+00:00","Geothermal","Geoth","Geothermal",""
"15235","2025-02-19T18:29:32.442515+00:00","2025-02-19T18:29:32.442515+00:00","Geothermal","Geoth","Geothermal","Geothermal - Commercially Demineralized H2O"
"15236","2025-02-19T18:29:32.442515+00:00","2025-02-19T18:29:32.442515+00:00","Geothermal","Geoth","Geothermal","Geothermal - Direct Use (Hundreds of Gallons)"
"15237","2025-02-19T18:29:32.442515+00:00","2025-02-19T18:29:32.442515+00:00","Geothermal","Geoth","Geothermal","Geothermal - Direct Use (Millions of BTUs)"
"15238","2025-02-19T18:29:32.442515+00:00","2025-02-19T18:29:32.442515+00:00","Geothermal","Geoth","Geothermal","Geothermal - Direct Use (Millions of Gallons)"
"15239","2025-02-19T18:29:32.442515+00:00","2025-02-19T18:29:32.442515+00:00","Geothermal","Geoth","Geothermal","Geothermal - Electrical Generation (Kilowatt Hours)"
"15240","2025-02-19T18:29:32.442515+00:00","2025-02-19T18:29:32.442515+00:00","Geothermal","Geoth","Geothermal","Geothermal - Electrical Generation (Other)"
"15241","2025-02-19T18:29:32.442515+00:00","2025-02-19T18:29:32.442515+00:00","Geothermal","Geoth","Geothermal","Geothermal - Electrical Generation (Thousands of Pounds)"
"15242","2025-02-19T18:29:32.442515+00:00","2025-02-19T18:29:32.442515+00:00","Geothermal","Geoth","Geothermal","Geothermal - Sulfur (tons)"
"15243","2025-02-19T18:29:32.442515+00:00","2025-02-19T18:29:32.442515+00:00","Gilsonite","Gilso","Gilsonite",""
"15244","2025-02-19T18:29:32.442515+00:00","2025-02-19T18:29:32.442515+00:00","Gilsonite","Gilso","Gilsonite","Gilsonite"
"15245","2025-02-19T18:29:32.442515+00:00","2025-02-19T18:29:32.442515+00:00","Gold","Gold","Gold",""
"15246","2025-02-19T18:29:32.442515+00:00","2025-02-19T18:29:32.442515+00:00","Gypsum","Gypsu","Gypsum",""
"15247","2025-02-19T18:29:32.442515+00:00","2025-02-19T18:29:32.442515+00:00","Gypsum","Gypsu","Gypsum","Gypsum"
"15248","2025-02-19T18:29:32.442515+00:00","2025-02-19T18:29:32.442515+00:00","Clay","Clay","Hardrock","Clay"
"15249","2025-02-19T18:29:32.442515+00:00","2025-02-19T18:29:32.442515+00:00","Coal","5","Hardrock","Coal-Bituminous-Processed"
"15250","2025-02-19T18:29:32.442515+00:00","2025-02-19T18:29:32.442515+00:00","Copper","Coppe","Hardrock","Copper"
"15251","2025-02-19T18:29:32.442515+00:00","2025-02-19T18:29:32.442515+00:00","Copper","Coppe","Hardrock","Copper Concentrate"
"15252","2025-02-19T18:29:32.442515+00:00","2025-02-19T18:29:32.442515+00:00","Gold","Gold","Hardrock","Gold"
"15253","2025-02-19T18:29:32.442515+00:00","2025-02-19T18:29:32.442515+00:00","Gold","Gold","Hardrock","Gold Ore"
"15254","2025-02-19T18:29:32.442515+00:00","2025-02-19T18:29:32.442515+00:00","Gold","Gold","Hardrock","Gold Placer"
"15255","2025-02-19T18:29:32.442515+00:00","2025-02-19T18:29:32.442515+00:00","Hardrock","Hardr","Hardrock",""
"15256","2025-02-19T18:29:32.442515+00:00","2025-02-19T18:29:32.442515+00:00","Hardrock","Hardr","Hardrock","Clay"
"15257","2025-02-19T18:29:32.442515+00:00","2025-02-19T18:29:32.442515+00:00","Hardrock","Hardr","Hardrock","Copper Concentrate"
"15258","2025-02-19T18:29:32.442515+00:00","2025-02-19T18:29:32.442515+00:00","Hardrock","Hardr","Hardrock","Lead Concentrate"
"15259","2025-02-19T18:29:32.442515+00:00","2025-02-19T18:29:32.442515+00:00","Hardrock","Hardr","Hardrock","Limestone"
"15260","2025-02-19T18:29:32.442515+00:00","2025-02-19T18:29:32.442515+00:00","Hardrock","Hardr","Hardrock","Quartz Crystal"
"15261","2025-02-19T18:29:32.442515+00:00","2025-02-19T18:29:32.442515+00:00","Hardrock","Hardr","Hardrock","Zinc Concentrate"
"15262","2025-02-19T18:29:32.442515+00:00","2025-02-19T18:29:32.442515+00:00","Lead","Lead","Hardrock","Lead Concentrate"
"15263","2025-02-19T18:29:32.442515+00:00","2025-02-19T18:29:32.442515+00:00","Limestone","Limes","Hardrock","Limestone"
"15264","2025-02-19T18:29:32.442515+00:00","2025-02-19T18:29:32.442515+00:00","Other","Other","Hardrock",""
"15265","2025-02-19T18:29:32.442515+00:00","2025-02-19T18:29:32.442515+00:00","Quartz","Quart","Hardrock","Quartz Crystal"
"15266","2025-02-19T18:29:32.442515+00:00","2025-02-19T18:29:32.442515+00:00","Silver","Silve","Hardrock","Silver"
"15267","2025-02-19T18:29:32.442515+00:00","2025-02-19T18:29:32.442515+00:00","Wavellite","Wavel","Hardrock","Wavellite"
"15268","2025-02-19T18:29:32.442515+00:00","2025-02-19T18:29:32.442515+00:00","Zinc","Zinc","Hardrock","Zinc Concentrate"
"15269","2025-02-19T18:29:32.442515+00:00","2025-02-19T18:29:32.442515+00:00","Hot springs","Hot s","Hot Springs",""
"15270","2025-02-19T18:29:32.442515+00:00","2025-02-19T18:29:32.442515+00:00","Limestone","Limes","Limestone",""
"15271","2025-02-19T18:29:32.442515+00:00","2025-02-19T18:29:32.442515+00:00","Humate","Humat","Mining-Unspecified","Humate"
"15272","2025-02-19T18:29:32.442515+00:00","2025-02-19T18:29:32.442515+00:00","Mining-unspecified","Minin","Mining-Unspecified",""
"15273","2025-02-19T18:29:32.442515+00:00","2025-02-19T18:29:32.442515+00:00","Carbon dioxide","Carbo","Oil & Gas","Carbon Dioxide Gas (CO2)"
"15274","2025-02-19T18:29:32.442515+00:00","2025-02-19T18:29:32.442515+00:00","Gas","2","Oil & Gas","Coal Bed Methane"
"15275","2025-02-19T18:29:32.442515+00:00","2025-02-19T18:29:32.442515+00:00","Gas","2","Oil & Gas","Flared Gas Well Gas"
"15276","2025-02-19T18:29:32.442515+00:00","2025-02-19T18:29:32.442515+00:00","Gas","2","Oil & Gas","Flared Oil Well Gas"
"15277","2025-02-19T18:29:32.442515+00:00","2025-02-19T18:29:32.442515+00:00","Gas","2","Oil & Gas","Flash Gas"
"15278","2025-02-19T18:29:32.442515+00:00","2025-02-19T18:29:32.442515+00:00","Gas","2","Oil & Gas","Flash Gas (mcf)"
"15279","2025-02-19T18:29:32.442515+00:00","2025-02-19T18:29:32.442515+00:00","Gas","2","Oil & Gas","Fuel Gas"
"15280","2025-02-19T18:29:32.442515+00:00","2025-02-19T18:29:32.442515+00:00","Gas","2","Oil & Gas","Gas Hydrate"
"15281","2025-02-19T18:29:32.442515+00:00","2025-02-19T18:29:32.442515+00:00","Gas","2","Oil & Gas","Gas Lost - Flared or Vented"
"15282","2025-02-19T18:29:32.442515+00:00","2025-02-19T18:29:32.442515+00:00","Gas","2","Oil & Gas","Gas Lost Prior to Royalty Measurement Point"
"15283","2025-02-19T18:29:32.442515+00:00","2025-02-19T18:29:32.442515+00:00","Gas","2","Oil & Gas","Nitrogen"
"15284","2025-02-19T18:29:32.442515+00:00","2025-02-19T18:29:32.442515+00:00","Gas","2","Oil & Gas","Pipeline Fuel/Loss"
"15285","2025-02-19T18:29:32.442515+00:00","2025-02-19T18:29:32.442515+00:00","Gas","2","Oil & Gas","Processed (Residue) Gas"
"15286","2025-02-19T18:29:32.442515+00:00","2025-02-19T18:29:32.442515+00:00","Gas","2","Oil & Gas","Unprocessed Gas"
"15287","2025-02-19T18:29:32.442515+00:00","2025-02-19T18:29:32.442515+00:00","Gas","2","Oil & Gas","Unprocessed (Wet) Gas"
"15288","2025-02-19T18:29:32.442515+00:00","2025-02-19T18:29:32.442515+00:00","Gas","2","Oil & Gas","Vented Gas Well Gas"
"15289","2025-02-19T18:29:32.442515+00:00","2025-02-19T18:29:32.442515+00:00","Gas","2","Oil & Gas","Vented Oil Well Gas"
"15290","2025-02-19T18:29:32.442515+00:00","2025-02-19T18:29:32.442515+00:00","Geothermal","Geoth","Oil & Gas","Geothermal - Commercially Demineralized H2O"
"15292","2025-02-19T18:29:32.442515+00:00","2025-02-19T18:29:32.442515+00:00","Geothermal","Geoth","Oil & Gas","Geothermal - Electrical Generation (Thousands of Pounds)"
"15293","2025-02-19T18:29:32.442515+00:00","2025-02-19T18:29:32.442515+00:00","Helium","Heliu","Oil & Gas","Helium"
"15294","2025-02-19T18:29:32.442515+00:00","2025-02-19T18:29:32.442515+00:00","Natural gas liquids","Natur","Oil & Gas","Gas Plant Products"
"15295","2025-02-19T18:29:32.442515+00:00","2025-02-19T18:29:32.442515+00:00","Oil","1","Oil & Gas","Asphaltic Crude"
"15296","2025-02-19T18:29:32.442515+00:00","2025-02-19T18:29:32.442515+00:00","Oil","1","Oil & Gas","Black Wax Crude"
"15297","2025-02-19T18:29:32.442515+00:00","2025-02-19T18:29:32.442515+00:00","Oil","1","Oil & Gas","Condensate"
"15298","2025-02-19T18:29:32.442515+00:00","2025-02-19T18:29:32.442515+00:00","Oil","1","Oil & Gas","Condensate (bbl)"
"15299","2025-02-19T18:29:32.442515+00:00","2025-02-19T18:29:32.442515+00:00","Oil","1","Oil & Gas","Drip or Scrubber Condensate"
"15300","2025-02-19T18:29:32.442515+00:00","2025-02-19T18:29:32.442515+00:00","Oil","1","Oil & Gas","Drip or Scrubber Condensate (bbl)"
"15301","2025-02-19T18:29:32.442515+00:00","2025-02-19T18:29:32.442515+00:00","Oil","1","Oil & Gas","Fuel Oil"
"15302","2025-02-19T18:29:32.442515+00:00","2025-02-19T18:29:32.442515+00:00","Oil","1","Oil & Gas","Inlet Scrubber"
"15303","2025-02-19T18:29:32.442515+00:00","2025-02-19T18:29:32.442515+00:00","Oil","1","Oil & Gas","Inlet Scrubber (bbl)"
"15304","2025-02-19T18:29:32.442515+00:00","2025-02-19T18:29:32.442515+00:00","Oil","1","Oil & Gas","Oil"
"15305","2025-02-19T18:29:32.442515+00:00","2025-02-19T18:29:32.442515+00:00","Oil","1","Oil & Gas","Oil Lost"
"15306","2025-02-19T18:29:32.442515+00:00","2025-02-19T18:29:32.442515+00:00","Oil","1","Oil & Gas","Other Liquid Hydrocarbons"
"15307","2025-02-19T18:29:32.442515+00:00","2025-02-19T18:29:32.442515+00:00","Oil","1","Oil & Gas","Sour Crude"
"15308","2025-02-19T18:29:32.442515+00:00","2025-02-19T18:29:32.442515+00:00","Oil","1","Oil & Gas","Sweet Crude"
"15309","2025-02-19T18:29:32.442515+00:00","2025-02-19T18:29:32.442515+00:00","Oil","1","Oil & Gas","Yellow Wax Crude"
"15312","2025-02-19T18:29:32.442515+00:00","2025-02-19T18:29:32.442515+00:00","Other","Other","Oil & Gas",""
"15313","2025-02-19T18:29:32.442515+00:00","2025-02-19T18:29:32.442515+00:00","Sodium","Sodiu","Oil & Gas","Salt"
"15314","2025-02-19T18:29:32.442515+00:00","2025-02-19T18:29:32.442515+00:00","Sulfur","Sulfu","Oil & Gas","Sulfur"
"15316","2025-02-19T18:29:32.442515+00:00","2025-02-19T18:29:32.442515+00:00","Phosphate","Phosp","Phosphate",""
"15317","2025-02-19T18:29:32.442515+00:00","2025-02-19T18:29:32.442515+00:00","Phosphate","Phosp","Phosphate","Ferro Phosphorous Slag"
"15318","2025-02-19T18:29:32.442515+00:00","2025-02-19T18:29:32.442515+00:00","Phosphate","Phosp","Phosphate","Phosphate Concentrate"
"15319","2025-02-19T18:29:32.442515+00:00","2025-02-19T18:29:32.442515+00:00","Phosphate","Phosp","Phosphate","Phosphate Raw Ore"
"15206","2025-02-19T18:29:32.442515+00:00","2025-02-19T18:29:32.442515+00:00","Not tied to a commodity","ZZZ","",""
"15320","2025-02-19T18:29:32.442515+00:00","2025-02-19T18:29:32.442515+00:00","Oil","1","Potassium","Oil"
"15321","2025-02-19T18:29:32.442515+00:00","2025-02-19T18:29:32.442515+00:00","Phosphate","Phosp","Potassium","Potassium Sulphate-Standard"
"15322","2025-02-19T18:29:32.442515+00:00","2025-02-19T18:29:32.442515+00:00","Potassium","Potas","Potassium",""
"15323","2025-02-19T18:29:32.442515+00:00","2025-02-19T18:29:32.442515+00:00","Potassium","Potas","Potassium","Anhydrous Sodium Sulfate"
"15324","2025-02-19T18:29:32.442515+00:00","2025-02-19T18:29:32.442515+00:00","Potassium","Potas","Potassium","Borax-Decahydrate"
"15325","2025-02-19T18:29:32.442515+00:00","2025-02-19T18:29:32.442515+00:00","Potassium","Potas","Potassium","Borax-Pentahydrate"
"15326","2025-02-19T18:29:32.442515+00:00","2025-02-19T18:29:32.442515+00:00","Potassium","Potas","Potassium","Boric Acid"
"15327","2025-02-19T18:29:32.442515+00:00","2025-02-19T18:29:32.442515+00:00","Potassium","Potas","Potassium","Granulated Langeinite"
"15328","2025-02-19T18:29:32.442515+00:00","2025-02-19T18:29:32.442515+00:00","Potassium","Potas","Potassium","Langbeinite"
"15329","2025-02-19T18:29:32.442515+00:00","2025-02-19T18:29:32.442515+00:00","Potassium","Potas","Potassium","Langbeinite-Coarse"
"15330","2025-02-19T18:29:32.442515+00:00","2025-02-19T18:29:32.442515+00:00","Potassium","Potas","Potassium","Langbeinite-Granular"
"15331","2025-02-19T18:29:32.442515+00:00","2025-02-19T18:29:32.442515+00:00","Potassium","Potas","Potassium","Langbeinite-Special Std"
"15332","2025-02-19T18:29:32.442515+00:00","2025-02-19T18:29:32.442515+00:00","Potassium","Potas","Potassium","Langbeinite-Standard"
"15333","2025-02-19T18:29:32.442515+00:00","2025-02-19T18:29:32.442515+00:00","Potassium","Potas","Potassium","Magnesium Chloride Brine"
"15334","2025-02-19T18:29:32.442515+00:00","2025-02-19T18:29:32.442515+00:00","Potassium","Potas","Potassium","Manure Salts"
"15335","2025-02-19T18:29:32.442515+00:00","2025-02-19T18:29:32.442515+00:00","Potassium","Potas","Potassium","Muriate Of Potash-Coarse"
"15336","2025-02-19T18:29:32.442515+00:00","2025-02-19T18:29:32.442515+00:00","Potassium","Potas","Potassium","Muriate Of Potash-Granular"
"15337","2025-02-19T18:29:32.442515+00:00","2025-02-19T18:29:32.442515+00:00","Potassium","Potas","Potassium","Muriate Of Potash-Standard"
"15338","2025-02-19T18:29:32.442515+00:00","2025-02-19T18:29:32.442515+00:00","Potassium","Potas","Potassium","Potash"
"15339","2025-02-19T18:29:32.442515+00:00","2025-02-19T18:29:32.442515+00:00","Potassium","Potas","Potassium","Potassium Sulphate-Granular"
"15340","2025-02-19T18:29:32.442515+00:00","2025-02-19T18:29:32.442515+00:00","Potassium","Potas","Potassium","Potassium Sulphate Special Std"
"15341","2025-02-19T18:29:32.442515+00:00","2025-02-19T18:29:32.442515+00:00","Potassium","Potas","Potassium","Potassium Sulphate-Standard"
"15342","2025-02-19T18:29:32.442515+00:00","2025-02-19T18:29:32.442515+00:00","Potassium","Potas","Potassium","Salt"
"15343","2025-02-19T18:29:32.442515+00:00","2025-02-19T18:29:32.442515+00:00","Potassium","Potas","Potassium","Soda Ash"
"15344","2025-02-19T18:29:32.442515+00:00","2025-02-19T18:29:32.442515+00:00","Potassium","Potas","Potassium","Sylvite-Raw Ore"
"15345","2025-02-19T18:29:32.442515+00:00","2025-02-19T18:29:32.442515+00:00","Soda ash","Soda ","Potassium","Soda Ash"
"15346","2025-02-19T18:29:32.442515+00:00","2025-02-19T18:29:32.442515+00:00","Soda ash","Soda ","Potassium","Soda Ash-Granular"
"15347","2025-02-19T18:29:32.442515+00:00","2025-02-19T18:29:32.442515+00:00","Sodium","Sodiu","Potassium","Anhydrous Sodium Sulfate"
"15348","2025-02-19T18:29:32.442515+00:00","2025-02-19T18:29:32.442515+00:00","Sodium","Sodiu","Potassium","Borax-Anhydrous"
"15349","2025-02-19T18:29:32.442515+00:00","2025-02-19T18:29:32.442515+00:00","Sodium","Sodiu","Potassium","Borax-Decahydrate"
"15350","2025-02-19T18:29:32.442515+00:00","2025-02-19T18:29:32.442515+00:00","Sodium","Sodiu","Potassium","Borax-Pentahydrate"
"15351","2025-02-19T18:29:32.442515+00:00","2025-02-19T18:29:32.442515+00:00","Sodium","Sodiu","Potassium","Boric Acid"
"15352","2025-02-19T18:29:32.442515+00:00","2025-02-19T18:29:32.442515+00:00","Sodium","Sodiu","Potassium","Salt"
"15353","2025-02-19T18:29:32.442515+00:00","2025-02-19T18:29:32.442515+00:00","Sodium","Sodiu","Potassium","Salt-Waste"
"15354","2025-02-19T18:29:32.442515+00:00","2025-02-19T18:29:32.442515+00:00","Sodium","Sodiu","Potassium","Soda Ash"
"15355","2025-02-19T18:29:32.442515+00:00","2025-02-19T18:29:32.442515+00:00","Sodium","Sodiu","Potassium","Sodium Bi-Carbonate"
"15356","2025-02-19T18:29:32.442515+00:00","2025-02-19T18:29:32.442515+00:00","Quartz","Quart","Quartz",""
"15357","2025-02-19T18:29:32.442515+00:00","2025-02-19T18:29:32.442515+00:00","Sand & gravel","Sand ","Sand & Gravel",""
"15358","2025-02-19T18:29:32.442515+00:00","2025-02-19T18:29:32.442515+00:00","Sand & gravel","Sand ","Sand & Gravel","Borrow Sand & Gravel"
"15359","2025-02-19T18:29:32.442515+00:00","2025-02-19T18:29:32.442515+00:00","Sand & gravel","Sand ","Sand & Gravel","Sand/Gravel"
"15360","2025-02-19T18:29:32.442515+00:00","2025-02-19T18:29:32.442515+00:00","Sand & gravel","Sand ","Sand & Gravel","Sand/Gravel-Cubic Yards"
"15361","2025-02-19T18:29:32.442515+00:00","2025-02-19T18:29:32.442515+00:00","Silica sand","Silic","Silica Sand",""
"15362","2025-02-19T18:29:32.442515+00:00","2025-02-19T18:29:32.442515+00:00","Asbestos","Asbes","Sodium","Asbestos"
"15363","2025-02-19T18:29:32.442515+00:00","2025-02-19T18:29:32.442515+00:00","Carbon dioxide","Carbo","Sodium","Carbon Dioxide Gas (CO2)"
"15364","2025-02-19T18:29:32.442515+00:00","2025-02-19T18:29:32.442515+00:00","Mine water","Mine ","Sodium","Mine Water"
"15365","2025-02-19T18:29:32.442515+00:00","2025-02-19T18:29:32.442515+00:00","Phosphate","Phosp","Sodium","Potassium Sulphate-Standard"
"15366","2025-02-19T18:29:32.442515+00:00","2025-02-19T18:29:32.442515+00:00","Sand & gravel","Sand ","Sodium","Borrow Sand & Gravel"
"15367","2025-02-19T18:29:32.442515+00:00","2025-02-19T18:29:32.442515+00:00","Soda ash","Soda ","Sodium","Soda Ash"
"15368","2025-02-19T18:29:32.442515+00:00","2025-02-19T18:29:32.442515+00:00","Soda ash","Soda ","Sodium","Soda Ash-Granular"
"15369","2025-02-19T18:29:32.442515+00:00","2025-02-19T18:29:32.442515+00:00","Sodium","Sodiu","Sodium",""
"15370","2025-02-19T18:29:32.442515+00:00","2025-02-19T18:29:32.442515+00:00","Sodium","Sodiu","Sodium","Anhydrous Sodium Sulfate"
"15371","2025-02-19T18:29:32.442515+00:00","2025-02-19T18:29:32.442515+00:00","Sodium","Sodiu","Sodium","Borax-Anhydrous"
"15372","2025-02-19T18:29:32.442515+00:00","2025-02-19T18:29:32.442515+00:00","Sodium","Sodiu","Sodium","Borax-Decahydrate"
"15373","2025-02-19T18:29:32.442515+00:00","2025-02-19T18:29:32.442515+00:00","Sodium","Sodiu","Sodium","Borax-Pentahydrate"
"15374","2025-02-19T18:29:32.442515+00:00","2025-02-19T18:29:32.442515+00:00","Sodium","Sodiu","Sodium","Boric Acid"
"15375","2025-02-19T18:29:32.442515+00:00","2025-02-19T18:29:32.442515+00:00","Sodium","Sodiu","Sodium","Boric Oxide"
"15376","2025-02-19T18:29:32.442515+00:00","2025-02-19T18:29:32.442515+00:00","Sodium","Sodiu","Sodium","Brine Barrels"
"15377","2025-02-19T18:29:32.442515+00:00","2025-02-19T18:29:32.442515+00:00","Sodium","Sodiu","Sodium","Calcium Chloride"
"15378","2025-02-19T18:29:32.442515+00:00","2025-02-19T18:29:32.442515+00:00","Sodium","Sodiu","Sodium","Caustic"
"15379","2025-02-19T18:29:32.442515+00:00","2025-02-19T18:29:32.442515+00:00","Sodium","Sodiu","Sodium","Purge Liquor"
"15380","2025-02-19T18:29:32.442515+00:00","2025-02-19T18:29:32.442515+00:00","Sodium","Sodiu","Sodium","Salt"
"15381","2025-02-19T18:29:32.442515+00:00","2025-02-19T18:29:32.442515+00:00","Sodium","Sodiu","Sodium","Salt-Waste"
"15382","2025-02-19T18:29:32.442515+00:00","2025-02-19T18:29:32.442515+00:00","Sodium","Sodiu","Sodium","Soda Ash"
"15383","2025-02-19T18:29:32.442515+00:00","2025-02-19T18:29:32.442515+00:00","Sodium","Sodiu","Sodium","Soda Ash-Coarse"
"15384","2025-02-19T18:29:32.442515+00:00","2025-02-19T18:29:32.442515+00:00","Sodium","Sodiu","Sodium","Soda Ash-Granular"
"15385","2025-02-19T18:29:32.442515+00:00","2025-02-19T18:29:32.442515+00:00","Sodium","Sodiu","Sodium","Sodium Bi-Carbonate"
"15386","2025-02-19T18:29:32.442515+00:00","2025-02-19T18:29:32.442515+00:00","Sodium","Sodiu","Sodium","Sodium Bicarbonate Animal Feed"
"15387","2025-02-19T18:29:32.442515+00:00","2025-02-19T18:29:32.442515+00:00","Sodium","Sodiu","Sodium","Sodium Bisulfite"
"15388","2025-02-19T18:29:32.442515+00:00","2025-02-19T18:29:32.442515+00:00","Sodium","Sodiu","Sodium","Sodium Decahydrate"
"15389","2025-02-19T18:29:32.442515+00:00","2025-02-19T18:29:32.442515+00:00","Sodium","Sodiu","Sodium","Sodium Sesquicarbonate"
"15390","2025-02-19T18:29:32.442515+00:00","2025-02-19T18:29:32.442515+00:00","Sodium","Sodiu","Sodium","Sulfide"
"15391","2025-02-19T18:29:32.442515+00:00","2025-02-19T18:29:32.442515+00:00","Sodium","Sodiu","Sodium","Trona Ore"
"15392","2025-02-19T18:29:32.442515+00:00","2025-02-19T18:29:32.442515+00:00","Oil","1","Sulfur","Oil"
"15393","2025-02-19T18:29:32.442515+00:00","2025-02-19T18:29:32.442515+00:00","Sodium","Sodiu","Sulfur","Salt"
"15394","2025-02-19T18:29:32.442515+00:00","2025-02-19T18:29:32.442515+00:00","Sulfur","Sulfu","Sulfur",""
"15395","2025-02-19T18:29:32.442515+00:00","2025-02-19T18:29:32.442515+00:00","Sulfur","Sulfu","Sulfur","Salt"
"15396","2025-02-19T18:29:32.442515+00:00","2025-02-19T18:29:32.442515+00:00","Tar sands","Tar s","Tar Sands",""
"15397","2025-02-19T18:29:32.442515+00:00","2025-02-19T18:29:32.442515+00:00","Wind","Wind","Wind",""
"15398","2025-02-19T18:29:32.442515+00:00","2025-02-19T18:29:32.442515+00:00","Coal","5","","Coal (tons)"
"15399","2025-02-19T18:29:32.442515+00:00","2025-02-19T18:29:32.442515+00:00","Oil","1","","Oil (bbl)"
"15400","2025-02-19T18:29:32.442515+00:00","2025-02-19T18:29:32.442515+00:00","Gas","2","","Gas (mcf)"
"15402","2025-02-19T18:29:32.442515+00:00","2025-02-19T18:29:32.442515+00:00","Magnesium chloride brine","Magne","","Magnesium chloride brine (ton)"
"15403","2025-02-19T18:29:32.442515+00:00","2025-02-19T18:29:32.442515+00:00","Humate","Humat","","Humate (ton)"
"15406","2025-02-19T18:29:32.442515+00:00","2025-02-19T18:29:32.442515+00:00","Sulfide","Sulfi","","Sulfide (ton)"
"15407","2025-02-19T18:29:32.442515+00:00","2025-02-19T18:29:32.442515+00:00","Sodium sesquicarbonate","Sodiu","","Sodium sesquicarbonate (ton)"
"15408","2025-02-19T18:29:32.442515+00:00","2025-02-19T18:29:32.442515+00:00","Sand/gravel","Sand/","","Sand/gravel (ton)"
"15409","2025-02-19T18:29:32.442515+00:00","2025-02-19T18:29:32.442515+00:00","Gold","Gold ","","Gold (ton)"
"15410","2025-02-19T18:29:32.442515+00:00","2025-02-19T18:29:32.442515+00:00","Clay","Clay ","","Clay (ton)"
"15411","2025-02-19T18:29:32.442515+00:00","2025-02-19T18:29:32.442515+00:00","Potassium sulphate-standard","Potas","","Potassium sulphate-standard (ton)"
"15413","2025-02-19T18:29:32.442515+00:00","2025-02-19T18:29:32.442515+00:00","Sylvite-raw ore","Sylvi","","Sylvite-raw ore (ton)"
"15414","2025-02-19T18:29:32.442515+00:00","2025-02-19T18:29:32.442515+00:00","Coal waste","5","","Coal waste (sub-econ) (ton)"
"15415","2025-02-19T18:29:32.442515+00:00","2025-02-19T18:29:32.442515+00:00","Brine barrels","Brine","","Brine barrels (bbl)"
"15416","2025-02-19T18:29:32.442515+00:00","2025-02-19T18:29:32.442515+00:00","Purge liquor","Purge","","Purge liquor (ton)"
"15417","2025-02-19T18:29:32.442515+00:00","2025-02-19T18:29:32.442515+00:00","Potash","Potas","","Potash (ton)"
"15418","2025-02-19T18:29:32.442515+00:00","2025-02-19T18:29:32.442515+00:00","Calcium chloride","Calci","","Calcium chloride (lb)"
"15419","2025-02-19T18:29:32.442515+00:00","2025-02-19T18:29:32.442515+00:00","Gold placer","Gold ","","Gold placer (oz)"
"15420","2025-02-19T18:29:32.442515+00:00","2025-02-19T18:29:32.442515+00:00","Geothermal - sulfur","Geoth","","Geothermal - sulfur (lton)"
"15421","2025-02-19T18:29:32.442515+00:00","2025-02-19T18:29:32.442515+00:00","Boric acid","Boric","","Boric acid (ton)"
"15422","2025-02-19T18:29:32.442515+00:00","2025-02-19T18:29:32.442515+00:00","Coal","5","","Coal (ton)"
"15423","2025-02-19T18:29:32.442515+00:00","2025-02-19T18:29:32.442515+00:00","Coal-bituminous-raw","5","","Coal-bituminous-raw (ton)"
"15424","2025-02-19T18:29:32.442515+00:00","2025-02-19T18:29:32.442515+00:00","Salt","Salt ","","Salt (ton)"
"15425","2025-02-19T18:29:32.442515+00:00","2025-02-19T18:29:32.442515+00:00","Sodium decahydrate","Sodiu","","Sodium decahydrate (ton)"
"15426","2025-02-19T18:29:32.442515+00:00","2025-02-19T18:29:32.442515+00:00","Mine water","Mine ","","Mine water (ton)"
"15427","2025-02-19T18:29:32.442515+00:00","2025-02-19T18:29:32.442515+00:00","Borax-pentahydrate","Borax","","Borax-pentahydrate (ton)"
"15429","2025-02-19T18:29:32.442515+00:00","2025-02-19T18:29:32.442515+00:00","Gold ore","Gold ","","Gold ore (ton)"
"15430","2025-02-19T18:29:32.442515+00:00","2025-02-19T18:29:32.442515+00:00","Leonardite","Leona","","Leonardite (ton)"
"15431","2025-02-19T18:29:32.442515+00:00","2025-02-19T18:29:32.442515+00:00","Wavellite","Wavel","","Wavellite (spcmn)"
"15432","2025-02-19T18:29:32.442515+00:00","2025-02-19T18:29:32.442515+00:00","Manure salts","Manur","","Manure salts (ton)"
"15433","2025-02-19T18:29:32.442515+00:00","2025-02-19T18:29:32.442515+00:00","Gilsonite","Gilso","","Gilsonite (ton)"
"15434","2025-02-19T18:29:32.442515+00:00","2025-02-19T18:29:32.442515+00:00","Muriate of potash-granular","Muria","","Muriate of potash-granular (ton)"
"15435","2025-02-19T18:29:32.442515+00:00","2025-02-19T18:29:32.442515+00:00","Soda ash","Soda ","","Soda ash (ton)"
"15436","2025-02-19T18:29:32.442515+00:00","2025-02-19T18:29:32.442515+00:00","Sand/gravel","Sand/","","Sand/gravel (cubic yards)"
"15437","2025-02-19T18:29:32.442515+00:00","2025-02-19T18:29:32.442515+00:00","Gypsum","Gypsu","","Gypsum (ton)"
"15438","2025-02-19T18:29:32.442515+00:00","2025-02-19T18:29:32.442515+00:00","Molybdenum concentrate","Molyb","","Molybdenum concentrate (ton)"
"15439","2025-02-19T18:29:32.442515+00:00","2025-02-19T18:29:32.442515+00:00","Carbon dioxide","Carbo","","Carbon dioxide (ton)"
"15441","2025-02-19T18:29:32.442515+00:00","2025-02-19T18:29:32.442515+00:00","Muriate of potash-standard","Muria","","Muriate of potash-standard (ton)"
"15442","2025-02-19T18:29:32.442515+00:00","2025-02-19T18:29:32.442515+00:00","Copper concentrate","Coppe","","Copper concentrate (ton)"
"15443","2025-02-19T18:29:32.442515+00:00","2025-02-19T18:29:32.442515+00:00","Borax-anhydrous","Borax","","Borax-anhydrous (ton)"
"15444","2025-02-19T18:29:32.442515+00:00","2025-02-19T18:29:32.442515+00:00","Zinc concentrate","Zinc ","","Zinc concentrate (ton)"
"15445","2025-02-19T18:29:32.442515+00:00","2025-02-19T18:29:32.442515+00:00","Lead concentrate","Lead ","","Lead concentrate (ton)"
"15446","2025-02-19T18:29:32.442515+00:00","2025-02-19T18:29:32.442515+00:00","Trona ore","Trona","","Trona ore (ton)"
"15447","2025-02-19T18:29:32.442515+00:00","2025-02-19T18:29:32.442515+00:00","Sodium bi-carbonate","Sodiu","","Sodium bi-carbonate (ton)"
"15449","2025-02-19T18:29:32.442515+00:00","2025-02-19T18:29:32.442515+00:00","Cinders","Cinde","","Cinders (ton)"
"15450","2025-02-19T18:29:32.442515+00:00","2025-02-19T18:29:32.442515+00:00","Silver","Silve","","Silver (oz)"
"15451","2025-02-19T18:29:32.442515+00:00","2025-02-19T18:29:32.442515+00:00","Sodium bisulfite","Sodiu","","Sodium bisulfite (ton)"
"15452","2025-02-19T18:29:32.442515+00:00","2025-02-19T18:29:32.442515+00:00","Borax-decahydrate","Borax","","Borax-decahydrate (ton)"
"15453","2025-02-19T18:29:32.442515+00:00","2025-02-19T18:29:32.442515+00:00","Quartz crystal","Quart","","Quartz crystal (lb)"
"15454","2025-02-19T18:29:32.442515+00:00","2025-02-19T18:29:32.442515+00:00","Borrow sand & gravel","Borro","","Borrow sand & gravel (ton)"
"15455","2025-02-19T18:29:32.442515+00:00","2025-02-19T18:29:32.442515+00:00","Phosphate raw ore","Phosp","","Phosphate raw ore (ton)"
"15457","2025-02-19T18:29:32.442515+00:00","2025-02-19T18:29:32.442515+00:00","Anhydrous sodium sulfate","Anhyd","","Anhydrous sodium sulfate (ton)"
"15458","2025-02-19T18:29:32.442515+00:00","2025-02-19T18:29:32.442515+00:00","Copper","Coppe","","Copper (lb)"
"15459","2025-02-19T18:29:32.442515+00:00","2025-02-19T18:29:32.442515+00:00","Langbeinite","Langb","","Langbeinite (ton)"
"15460","2025-02-19T18:29:32.442515+00:00","2025-02-19T18:29:32.442515+00:00","Coal-fines circuit","5","","Coal-fines circuit (ton)"
"15461","2025-02-19T18:29:32.442515+00:00","2025-02-19T18:29:32.442515+00:00","Limestone","Limes","","Limestone (ton)"
"15524","2025-02-19T18:29:32.442515+00:00","2025-02-19T18:29:32.442515+00:00","Lead/zinc","Lead/","","Lead/zinc"
"15525","2025-02-19T18:29:32.442515+00:00","2025-02-19T18:29:32.442515+00:00","Clay","Clay","","Clay"
"15526","2025-02-19T18:29:32.442515+00:00","2025-02-19T18:29:32.442515+00:00","Wind","Wind","","Wind"
"15527","2025-02-19T18:29:32.442515+00:00","2025-02-19T18:29:32.442515+00:00","Gold","Gold","","Gold"
"15528","2025-02-19T18:29:32.442515+00:00","2025-02-19T18:29:32.442515+00:00","Copper","Coppe","","Copper"
"15530","2025-02-19T18:29:32.442515+00:00","2025-02-19T18:29:32.442515+00:00","Potassium","Potas","","Potassium"
"15531","2025-02-19T18:29:32.442515+00:00","2025-02-19T18:29:32.442515+00:00","Gilsonite","Gilso","","Gilsonite"
"15532","2025-02-19T18:29:32.442515+00:00","2025-02-19T18:29:32.442515+00:00","Hardrock","Hardr","","Hardrock"
"15533","2025-02-19T18:29:32.442515+00:00","2025-02-19T18:29:32.442515+00:00","Sodium","Sodiu","","Sodium"
"15534","2025-02-19T18:29:32.442515+00:00","2025-02-19T18:29:32.442515+00:00","Asphalt","Aspha","","Asphalt"
"15535","2025-02-19T18:29:32.442515+00:00","2025-02-19T18:29:32.442515+00:00","Phosphate","Phosp","","Phosphate"
"15536","2025-02-19T18:29:32.442515+00:00","2025-02-19T18:29:32.442515+00:00","Gemstones","Gemst","","Gemstones"
"15537","2025-02-19T18:29:32.442515+00:00","2025-02-19T18:29:32.442515+00:00","Quartz","Quart","","Quartz"
"15538","2025-02-19T18:29:32.442515+00:00","2025-02-19T18:29:32.442515+00:00","Geothermal","Geoth","","Geothermal"
"15539","2025-02-19T18:29:32.442515+00:00","2025-02-19T18:29:32.442515+00:00","Silica sand","Silic","","Silica sand"
"15540","2025-02-19T18:29:32.442515+00:00","2025-02-19T18:29:32.442515+00:00","Hot springs","Hot s","","Hot springs"
"15541","2025-02-19T18:29:32.442515+00:00","2025-02-19T18:29:32.442515+00:00","Sand & gravel","Sand ","","Sand & gravel"
"15542","2025-02-19T18:29:32.442515+00:00","2025-02-19T18:29:32.442515+00:00","Sulfur","Sulfu","","Sulfur"
"15544","2025-02-19T18:29:32.442515+00:00","2025-02-19T18:29:32.442515+00:00","Coal","5","","Coal"
"15545","2025-02-19T18:29:32.442515+00:00","2025-02-19T18:29:32.442515+00:00","Geothemal","Geoth","","Geothemal"
"15546","2025-02-19T18:29:32.442515+00:00","2025-02-19T18:29:32.442515+00:00","Limestone","Limes","","Limestone"
"15547","2025-02-19T18:29:32.442515+00:00","2025-02-19T18:29:32.442515+00:00","Gas","2","","Gas"
"15548","2025-02-19T18:29:32.442515+00:00","2025-02-19T18:29:32.442515+00:00","Mining-unspecified","Minin","","Mining-unspecified"
"15549","2025-02-19T18:29:32.442515+00:00","2025-02-19T18:29:32.442515+00:00","Oil","1","","Oil"
"15550","2025-02-19T18:29:32.442515+00:00","2025-02-19T18:29:32.442515+00:00","Tar sands","Tar s","","Tar sands"
"15315","2025-02-19T18:29:32.442515+00:00","2025-02-19T18:29:32.442515+00:00","Oil shale","1.1","Oil Shale",""
"15543","2025-02-19T18:29:32.442515+00:00","2025-02-19T18:29:32.442515+00:00","Oil shale","1.1","","Oil shale"
"15310","2025-02-19T18:29:32.442515+00:00","2025-02-19T18:29:32.442515+00:00","Oil & gas (pre-production)","1.2","Oil & Gas",""
"15311","2025-02-19T18:29:32.442515+00:00","2025-02-19T18:29:32.442515+00:00","Oil & gas (pre-production)","1.2","Oil & Gas","Sulfur"
"15529","2025-02-19T18:29:32.442515+00:00","2025-02-19T18:29:32.442515+00:00","Oil & gas (pre-production)","1.2","","Oil & gas (pre-production)"
"16562","2025-05-13T18:53:24.383929+00:00","2025-05-13T18:53:24.383929+00:00","Geothermal - direct use - millions of pounds","Geoth","","Geothermal - direct use - millions of pounds (mlb)"
"15428","2025-02-19T18:29:32.442515+00:00","2025-05-13T19:16:24.504975+00:00","Geothermal - direct use - millions of gallons","Geoth","","Geothermal - direct use - millions of gallons (mgal)"
"15456","2025-02-19T18:29:32.442515+00:00","2025-05-13T19:16:35.195198+00:00","Geothermal - electrical generation - other","Geoth","","Geothermal - electrical generation - other (mmbtu)"
"15440","2025-02-19T18:29:32.442515+00:00","2025-05-13T19:16:44.191437+00:00","Geothermal - electrical generation - thousands of pounds","Geoth","","Geothermal - electrical generation - thousands of pounds (klb)"
"15448","2025-02-19T18:29:32.442515+00:00","2025-05-14T12:53:17.686573+00:00","Geothermal - direct use - hundreds of gallons","Geoth","","Geothermal - direct use - hundreds of gallons (cgal)"