legacy_id,disbursement_type,class,type,recipient,revenue_type,source
2638,"OCS Gulf","Land and Water Conservation Fund","Land & Water Conservation Fund - OCS Gulf","Land and Water Conservation Fund","Royalties","OCS Gulf"
2640,"OCS Gulf","U.S. Treasury","U.S. Treasury - OCS Gulf","U.S. Treasury","Royalties","OCS Gulf"
2668,"","State and local governments","State - OCS Gulf","State","","OCS Gulf"
2669,"","U.S. Treasury","U.S. Treasury - OCS Gulf","U.S. Treasury","","OCS Gulf"
2602,"OCS Gulf","State and local governments","State - OCS Gulf","State","Sequestration","OCS Gulf"
2603,"OCS Gulf","State and local governments","State - OCS Gulf","County","Sequestration","OCS Gulf"
2605,"OCS Gulf","State and local governments","State - OCS Gulf","State","Other Distributions","OCS Gulf"
2612,"OCS Gulf","U.S. Treasury","U.S. Treasury - OCS Gulf","U.S. Treasury","Rents & Bonuses","OCS Gulf"
2619,"OCS Gulf","State and local governments","State - OCS Gulf","County","Other Distributions","OCS Gulf"
2626,"OCS Gulf","Land and Water Conservation Fund","Land & Water Conservation Fund - OCS Gulf","Land and Water Conservation Fund","Rents & Bonuses","OCS Gulf"
2588,"","","","","Royalties","Onshore"
2589,"","","","","Bonus","Offshore"
2590,"","","","","Bonus","Not Tied to a Lease"
2591,"","","","","Other revenues","Offshore"
2592,"","","","","Other revenues","Not Tied to a Lease"
2593,"","","","","Rents","Not Tied to a Lease"
2594,"","","","","Rents","Offshore"
2595,"","","","","Inspection fees","Offshore"
2596,"","","","","Rents","Onshore"
2597,"","","","","Other revenues","Onshore"
2598,"","","","","Royalties","Offshore"
2599,"","","","","Bonus","Onshore"
2600,"","","","","Civil penalties","Not Tied to a Lease"
2601,"Geothermal","State and local governments","State","County","Royalties","Onshore"
2604,"","Other funds","Fish & Wildlife","","Rents & Bonuses","Onshore"
2606,"","Other funds","BLM-Nav Petrol Reserve-2","","Other Distributions","Onshore"
2607,"","U.S. Treasury","U.S. Treasury","U.S. Treasury","Other Distributions","Onshore"
2608,"","Other funds","Lease Process Improvement (BLM)","","Other Distributions","Onshore"
2609,"8(g)","State and local governments","State 8(g)","State","Rents & Bonuses","8(g) offshore"
2610,"","Other funds","Bureau of Safety & Environmental Enforcement","","Rents & Bonuses","Offshore"
2611,"","Land and Water Conservation Fund","Land & Water Conservation Fund","Land and Water Conservation Fund","Royalties","Offshore"
2613,"","Other funds","Bureau of Land Management","","Royalties","Onshore"
2614,"","Other funds","Bureau of Ocean Energy Management","","Royalties","Offshore"
2615,"","Other funds","Bureau of Safety & Environmental Enforcement","","Other Distributions","Offshore"
2616,"","Reclamation Fund","Reclamation Fund","Reclamation Fund","Royalties","Onshore"
2617,"","Native American tribes and individuals","Native American Tribes & Allottees","Native American tribes and individuals","Royalties","Onshore"
2618,"","Reclamation Fund","Reclamation Fund","Reclamation Fund","Other Distributions","Onshore"
2620,"","Historic Preservation Fund","Historic Preservation Fund","Historic Preservation Fund","Rents & Bonuses","Offshore"
2621,"State","State and local governments","State","State","Rents & Bonuses","Onshore"
2622,"","Native American tribes and individuals","Native American Tribes & Allottees","Native American tribes and individuals","Other Distributions","Onshore"
2623,"","Other funds","Forest Service","","Royalties","Onshore"
2624,"","Other funds","Lease Process Improvement (BLM)","","Rents & Bonuses","Onshore"
2625,"8(g)","State and local governments","State 8(g)","State","Other Distributions","8(g) offshore"
2627,"","Native American tribes and individuals","Native American Tribes & Allottees","Native American tribes and individuals","Rents & Bonuses","Onshore"
2628,"Geothermal","State and local governments","State","County","Other Distributions","Onshore"
2629,"State","State and local governments","State","State","Other Distributions","Onshore"
2630,"","Land and Water Conservation Fund","Land & Water Conservation Fund","Land and Water Conservation Fund","Other Distributions","Offshore"
2631,"Geothermal","State and local governments","State","State","Other Distributions","Onshore"
2632,"","Other funds","Fish & Wildlife","","Other Distributions","Onshore"
2633,"","U.S. Treasury","U.S. Treasury","U.S. Treasury","Royalties","Onshore"
2634,"","Land and Water Conservation Fund","Land & Water Conservation Fund","Land and Water Conservation Fund","Rents & Bonuses","Offshore"
2635,"Geothermal","State and local governments","State","County","Rents & Bonuses","Onshore"
2636,"","U.S. Treasury","U.S. Treasury","U.S. Treasury","Rents & Bonuses","Offshore"
2637,"","Other funds","Bureau of Ocean Energy Management","","Other Distributions","Offshore"
2639,"","Reclamation Fund","Reclamation Fund","Reclamation Fund","Rents & Bonuses","Onshore"
2641,"Geothermal","State and local governments","State","County","Sequestration","Onshore"
2642,"State","State and local governments","State","State","Royalties","Onshore"
2643,"","Other funds","Bureau of Land Management","","Rents & Bonuses","Onshore"
2644,"","U.S. Treasury","U.S. Treasury","U.S. Treasury","Other Distributions","Offshore"
2645,"","Other funds","Bureau of Safety & Environmental Enforcement","","Royalties","Offshore"
2646,"","Other funds","Forest Service","","Rents & Bonuses","Onshore"
2647,"","U.S. Treasury","U.S. Treasury","U.S. Treasury","Rents & Bonuses","Onshore"
2648,"","U.S. Treasury","U.S. Treasury","U.S. Treasury","Royalties","Offshore"
2649,"","Other funds","Bureau of Ocean Energy Management","","Rents & Bonuses","Offshore"
2650,"","Other funds","Bureau of Land Management","","Other Distributions","Onshore"
2651,"","Other funds","Fish & Wildlife","","Royalties","Onshore"
2652,"State","State and local governments","State","State","Sequestration","Onshore"
2653,"8(g)","State and local governments","State 8(g)","State","Royalties","8(g) offshore"
2654,"","Other funds","BLM-Nav Petrol Reserve-2","","Rents & Bonuses","Onshore"
2655,"","Other funds","Forest Service","","Other Distributions","Onshore"
2657,"","Land and Water Conservation Fund","Land & Water Conservation Fund - GoMesa","Land and Water Conservation Fund - GoMesa","","Offshore"
2658,"","State and local governments","State","State","","Onshore"
2659,"","Other funds","Other","","","Onshore"
2660,"","Native American tribes and individuals","Native American Tribes & Allottees","Native American tribes and individuals","","Onshore"
2661,"","State and local governments","State 8(g)","State","","8(g) offshore"
2662,"","U.S. Treasury","U.S. Treasury","U.S. Treasury","","Onshore"
2663,"","State and local governments","State","County","","Onshore"
2664,"","U.S. Treasury","U.S. Treasury","U.S. Treasury","","Onshore & Offshore"
2665,"","Reclamation Fund","Reclamation","Reclamation Fund","","Onshore"
2666,"","Other funds","Other","","","Offshore"
2670,"","Land and Water Conservation Fund","Land & Water Conservation Fund","Land and Water Conservation Fund","","Offshore"
2671,"","Historic Preservation Fund","Historic Preservation Fund","Historic Preservation Fund","","Offshore"
2672,"","U.S. Treasury","U.S. Treasury","U.S. Treasury","","Offshore"
3561,"","Other funds","NOAA","","Other Distributions","Onshore"
3572,"State","State and local governments","State","State","Royalties","Offshore"
3778,"","Other funds","Lease Process Improvement (BLM)","BLM - Permit Processing and Improvement","Rents & Bonuses","Onshore"
3783,"","Other funds","Bureau of Land Management","Bureau of Land Management","Royalties","Onshore"
3785,"","Other funds","Bureau of Land Management","Bureau of Land Management","Other Distributions","Onshore"
3787,"","Other funds","Bureau of Safety & Environmental Enforcement","Bureau of Safety & Environmental Enforcement","Other Distributions","Offshore"
3788,"","Other funds","Fish & Wildlife","Fish & Wildlife","Royalties","Onshore"
3790,"","Other funds","Fish & Wildlife","Fish & Wildlife","Other Distributions","Onshore"
3791,"","Other funds","Forest Service","Forest Service","Royalties","Onshore"
3794,"","Other funds","Forest Service","Forest Service","Other Distributions","Onshore"
3795,"","Other funds","Forest Service","Forest Service","Rents & Bonuses","Onshore"
4163,"","Other funds","BLM-Nav Petrol Reserve-2","BLM-Nav Petrol Reserve-2","Other Distributions","Onshore"
4167,"","Other funds","Bureau of Land Management","Bureau of Land Management","Rents & Bonuses","Onshore"
4168,"","Other funds","Bureau of Ocean Energy Management","Bureau of Ocean Energy Management","Other Distributions","Offshore"
4169,"","Other funds","Bureau of Ocean Energy Management","Bureau of Ocean Energy Management","Rents & Bonuses","Offshore"
4171,"","Other funds","Bureau of Safety & Environmental Enforcement","Bureau of Safety & Environmental Enforcement","Rents & Bonuses","Offshore"
4541,"","Other funds","NOAA","NOAA","Other Distributions","Onshore"
2656,"","State and local governments","State - OCS Gulf","County","","OCS Gulf"
2667,"","Land and Water Conservation Fund","Land & Water Conservation Fund - OCS Gulf","Land and Water Conservation Fund","","OCS Gulf"
7607,"","Other funds","Lease Process Improvement (BLM)","BLM - Permit Processing and Improvement","Other Distributions","Onshore"
8020,"","Other funds","Fish & Wildlife","Fish & Wildlife","Rents & Bonuses","Onshore"
8791,"","Other funds","BLM-Nav Petrol Reserve-2","BLM-Nav Petrol Reserve-2","Rents & Bonuses","Onshore"
5226,"OCS Gulf","Land and Water Conservation Fund","Land & Water Conservation Fund - OCS Gulf","Land and Water Conservation Fund","Other Distributions","OCS Gulf"
15828,"OCS Gulf","Land and Water Conservation Fund","Land & Water Conservation Fund - OCS Gulf","Land and Water Conservation Fund","Royalties","Offshore"
15830,"OCS Gulf","Land and Water Conservation Fund","Land & Water Conservation Fund - OCS Gulf","Land and Water Conservation Fund","Rents & Bonuses","Offshore"
15876,"OCS Gulf","State and local governments","State - OCS Gulf","State","Other Distributions","Offshore"
15877,"OCS Gulf","State and local governments","State - OCS Gulf","State","Sequestration","Offshore"
15878,"OCS Gulf","State and local governments","State - OCS Gulf","County","Other Distributions","Offshore"
15879,"OCS Gulf","State and local governments","State - OCS Gulf","County","Sequestration","Offshore"
16231,"OCS Gulf","U.S. Treasury","U.S. Treasury - OCS Gulf","U.S. Treasury","Rents & Bonuses","Offshore"
16232,"OCS Gulf","U.S. Treasury","U.S. Treasury - OCS Gulf","U.S. Treasury","Royalties","Offshore"
